행정동_코드,행정동_코드_명,medical,education,shopping,bank,gov,culture,intercity,intracity
11740700,둔촌2동,18.0,6.0,0.0,4.0,5.0,0.0,0.0,33.0
11740690,둔촌1동,0.0,3.0,0.0,0.0,0.0,0.0,0.0,7.0
11740685,길동,39.0,9.0,0.0,10.0,6.0,0.0,0.0,37.0
11740660,성내3동,13.0,4.0,0.0,5.0,4.0,0.0,0.0,14.0
11740650,성내2동,18.0,0.0,0.0,3.0,2.0,1.0,0.0,19.0
11740640,성내1동,11.0,5.0,0.0,4.0,6.0,1.0,0.0,20.0
11740620,천호3동,16.0,1.0,0.0,3.0,4.0,1.0,0.0,11.0
11740610,천호2동,27.0,3.0,0.0,3.0,4.0,3.0,0.0,22.0
11740600,천호1동,11.0,4.0,0.0,1.0,4.0,1.0,0.0,12.0
11740590,암사3동,5.0,4.0,0.0,1.0,2.0,0.0,0.0,12.0
11740580,암사2동,6.0,3.0,0.0,3.0,1.0,0.0,0.0,7.0
11740570,암사1동,8.0,3.0,1.0,1.0,2.0,0.0,0.0,13.0
11740560,고덕2동,9.0,6.0,0.0,1.0,3.0,0.0,0.0,26.0
11740550,고덕1동,4.0,5.0,0.0,0.0,3.0,0.0,0.0,27.0
11740540,명일2동,18.0,7.0,0.0,6.0,3.0,0.0,0.0,18.0
11740530,명일1동,19.0,1.0,0.0,6.0,5.0,0.0,0.0,23.0
11740520,상일동,9.0,13.0,0.0,2.0,4.0,0.0,0.0,37.0
11740515,강일동,12.0,7.0,0.0,3.0,5.0,0.0,0.0,82.0
11710720,잠실7동,4.0,4.0,0.0,4.0,2.0,0.0,0.0,5.0
11710710,잠실6동,24.0,2.0,0.0,17.0,4.0,1.0,0.0,15.0
11710690,잠실4동,10.0,4.0,0.0,3.0,3.0,0.0,0.0,9.0
11710680,잠실3동,11.0,5.0,0.0,9.0,5.0,0.0,0.0,16.0
11710670,잠실2동,14.0,7.0,0.0,6.0,4.0,0.0,0.0,6.0
11710650,잠실본동,25.0,1.0,0.0,9.0,5.0,0.0,0.0,13.0
11710647,위례동,5.0,5.0,0.0,1.0,3.0,0.0,0.0,32.0
11710646,장지동,10.0,7.0,0.0,3.0,4.0,1.0,0.0,42.0
11710642,문정2동,23.0,1.0,0.0,12.0,10.0,2.0,0.0,17.0
11710641,문정1동,5.0,3.0,0.0,1.0,3.0,0.0,0.0,19.0
11710632,가락2동,17.0,7.0,0.0,6.0,3.0,0.0,0.0,23.0
11710631,가락1동,13.0,3.0,1.0,8.0,2.0,0.0,0.0,19.0
11710620,가락본동,27.0,5.0,0.0,9.0,5.0,0.0,0.0,21.0
11710610,삼전동,14.0,6.0,0.0,2.0,4.0,1.0,0.0,13.0
11710600,석촌동,29.0,5.0,0.0,7.0,3.0,0.0,0.0,20.0
11710590,송파2동,11.0,9.0,0.0,1.0,3.0,0.0,0.0,7.0
11710580,송파1동,17.0,2.0,0.0,4.0,2.0,0.0,0.0,15.0
11710570,오금동,13.0,12.0,0.0,5.0,5.0,0.0,0.0,30.0
11710566,오륜동,6.0,19.0,0.0,6.0,4.0,0.0,0.0,18.0
11710562,방이2동,18.0,2.0,0.0,5.0,3.0,0.0,0.0,14.0
11710561,방이1동,10.0,6.0,0.0,1.0,2.0,0.0,0.0,12.0
11710550,마천2동,14.0,1.0,0.0,2.0,3.0,0.0,0.0,12.0
11710540,마천1동,8.0,2.0,0.0,1.0,4.0,1.0,0.0,16.0
11710532,거여2동,13.0,3.0,0.0,3.0,3.0,0.0,0.0,11.0
11710531,거여1동,2.0,2.0,0.0,0.0,2.0,1.0,0.0,7.0
11710520,풍납2동,27.0,11.0,0.0,5.0,5.0,0.0,0.0,25.0
11710510,풍납1동,7.0,2.0,0.0,0.0,3.0,0.0,0.0,6.0
11680750,수서동,11.0,6.0,0.0,3.0,3.0,0.0,0.0,25.0
11680740,일원2동,6.0,4.0,0.0,3.0,3.0,0.0,0.0,14.0
11680730,일원1동,11.0,4.0,0.0,1.0,4.0,0.0,0.0,18.0
11680720,일원본동,16.0,7.0,0.0,6.0,2.0,0.0,0.0,33.0
11680700,세곡동,9.0,9.0,0.0,1.0,4.0,0.0,0.0,95.0
11680690,개포4동,7.0,4.0,0.0,4.0,3.0,0.0,0.0,49.0
11680670,개포2동,9.0,13.0,0.0,3.0,3.0,0.0,0.0,53.0
11680660,개포1동,1.0,3.0,0.0,1.0,1.0,0.0,0.0,29.0
11680656,도곡2동,10.0,6.0,0.0,23.0,7.0,0.0,0.0,28.0
11680655,도곡1동,25.0,6.0,0.0,9.0,4.0,0.0,0.0,28.0
11680650,역삼2동,27.0,5.0,0.0,14.0,3.0,0.0,0.0,31.0
11680640,역삼1동,68.0,2.0,0.0,49.0,15.0,4.0,0.0,45.0
11680630,대치4동,20.0,2.0,1.0,12.0,4.0,0.0,0.0,14.0
11680610,대치2동,22.0,4.0,0.0,26.0,6.0,0.0,0.0,41.0
11680600,대치1동,13.0,6.0,0.0,11.0,4.0,0.0,0.0,24.0
11680590,삼성2동,11.0,3.0,0.0,11.0,10.0,0.0,0.0,32.0
11680580,삼성1동,16.0,4.0,1.0,26.0,6.0,1.0,0.0,41.0
11680565,청담동,31.0,7.0,0.0,19.0,11.0,0.0,0.0,26.0
11680545,압구정동,35.0,6.0,3.0,25.0,4.0,3.0,0.0,20.0
11680531,논현2동,34.0,7.0,0.0,16.0,8.0,2.0,0.0,34.0
11680521,논현1동,46.0,1.0,1.0,15.0,4.0,8.0,0.0,26.0
11680510,신사동,36.0,6.0,1.0,14.0,3.0,1.0,0.0,13.0
11650660,내곡동,3.0,6.0,1.0,1.0,5.0,0.0,0.0,86.0
11650652,양재2동,11.0,4.0,1.0,16.0,2.0,0.0,0.0,58.0
11650651,양재1동,21.0,9.0,0.0,11.0,12.0,0.0,0.0,88.0
11650621,방배4동,11.0,6.0,0.0,10.0,3.0,1.0,0.0,32.0
11650620,방배3동,8.0,10.0,0.0,3.0,4.0,0.0,0.0,50.0
11650610,방배2동,3.0,3.0,1.0,2.0,4.0,1.0,0.0,38.0
11650600,방배1동,11.0,4.0,1.0,4.0,3.0,0.0,0.0,20.0
11650590,방배본동,16.0,1.0,1.0,6.0,2.0,0.0,0.0,25.0
11650581,반포4동,13.0,4.0,0.0,12.0,7.0,1.0,0.0,36.0
11650580,반포3동,11.0,2.0,0.0,7.0,3.0,0.0,0.0,18.0
11650570,반포2동,5.0,3.0,1.0,5.0,4.0,0.0,0.0,26.0
11650560,반포1동,21.0,5.0,0.0,6.0,6.0,0.0,0.0,27.0
11650550,반포본동,2.0,5.0,1.0,3.0,1.0,0.0,0.0,6.0
11650540,잠원동,13.0,3.0,0.0,8.0,3.0,0.0,0.0,25.0
11650531,서초4동,32.0,5.0,0.0,13.0,2.0,1.0,0.0,36.0
11650530,서초3동,33.0,8.0,0.0,30.0,25.0,0.0,0.0,80.0
11650520,서초2동,24.0,3.0,0.0,26.0,8.0,1.0,0.0,49.0
11650510,서초1동,15.0,15.0,0.0,10.0,4.0,0.0,0.0,40.0
11620775,난곡동,11.0,6.0,1.0,1.0,2.0,0.0,0.0,28.0
11620765,미성동,12.0,7.0,0.0,3.0,3.0,1.0,0.0,44.0
11620745,삼성동,7.0,3.0,0.0,0.0,3.0,3.0,0.0,44.0
11620735,대학동,11.0,144.0,0.0,6.0,5.0,0.0,0.0,73.0
11620725,조원동,13.0,1.0,1.0,1.0,3.0,0.0,0.0,30.0
11620715,난향동,5.0,1.0,0.0,0.0,1.0,0.0,0.0,34.0
11620695,신림동,17.0,0.0,0.0,3.0,2.0,4.0,0.0,17.0
11620685,신사동,11.0,3.0,1.0,2.0,3.0,0.0,0.0,21.0
11620665,서림동,5.0,3.0,0.0,0.0,2.0,0.0,0.0,34.0
11620655,신원동,7.0,2.0,0.0,1.0,6.0,0.0,0.0,10.0
11620645,서원동,11.0,1.0,0.0,1.0,3.0,1.0,0.0,27.0
11620630,남현동,6.0,3.0,0.0,1.0,3.0,0.0,0.0,6.0
11620625,인헌동,14.0,3.0,2.0,5.0,2.0,0.0,0.0,24.0
11620615,중앙동,15.0,1.0,0.0,3.0,1.0,0.0,0.0,13.0
11620605,은천동,9.0,5.0,0.0,0.0,6.0,0.0,0.0,43.0
11620595,청룡동,24.0,7.0,1.0,6.0,5.0,2.0,0.0,16.0
11620585,낙성대동,10.0,38.0,0.0,3.0,2.0,2.0,0.0,37.0
11620575,행운동,15.0,6.0,0.0,3.0,3.0,0.0,0.0,15.0
11620565,성현동,6.0,7.0,0.0,0.0,4.0,0.0,0.0,38.0
11620545,청림동,4.0,2.0,0.0,0.0,2.0,2.0,0.0,7.0
11620525,보라매동,5.0,3.0,0.0,1.0,1.0,0.0,0.0,25.0
11590680,신대방2동,17.0,3.0,0.0,7.0,7.0,0.0,0.0,29.0
11590670,신대방1동,10.0,6.0,0.0,1.0,3.0,0.0,0.0,16.0
11590660,대방동,16.0,14.0,0.0,5.0,5.0,0.0,0.0,63.0
11590651,사당5동,3.0,5.0,0.0,0.0,4.0,0.0,0.0,28.0
11590650,사당4동,6.0,1.0,1.0,1.0,2.0,0.0,0.0,4.0
11590640,사당3동,5.0,6.0,1.0,1.0,3.0,0.0,0.0,31.0
11590630,사당2동,14.0,4.0,0.0,2.0,3.0,2.0,0.0,40.0
11590620,사당1동,14.0,3.0,0.0,6.0,4.0,2.0,0.0,15.0
11590605,흑석동,25.0,26.0,0.0,6.0,6.0,1.0,0.0,51.0
11590560,상도4동,12.0,6.0,0.0,1.0,3.0,1.0,0.0,36.0
11590550,상도3동,11.0,1.0,1.0,2.0,2.0,0.0,0.0,36.0
11590540,상도2동,16.0,3.0,1.0,3.0,6.0,1.0,0.0,42.0
11590530,상도1동,17.0,28.0,0.0,4.0,5.0,0.0,0.0,49.0
11590520,노량진2동,15.0,1.0,0.0,4.0,5.0,1.0,0.0,14.0
11590510,노량진1동,14.0,7.0,0.0,4.0,5.0,2.0,0.0,60.0
11560720,대림3동,12.0,8.0,1.0,7.0,2.0,0.0,0.0,48.0
11560710,대림2동,17.0,3.0,0.0,2.0,4.0,1.0,0.0,13.0
11560700,대림1동,20.0,2.0,2.0,4.0,2.0,3.0,0.0,16.0
11560690,신길7동,7.0,2.0,0.0,1.0,5.0,1.0,0.0,33.0
11560680,신길6동,15.0,3.0,1.0,1.0,4.0,2.0,0.0,30.0
11560670,신길5동,0.0,4.0,0.0,0.0,3.0,5.0,0.0,31.0
11560660,신길4동,2.0,3.0,0.0,1.0,1.0,0.0,0.0,13.0
11560650,신길3동,13.0,4.0,0.0,5.0,3.0,2.0,0.0,32.0
11560630,신길1동,15.0,1.0,0.0,2.0,1.0,4.0,0.0,27.0
11560620,양평2동,7.0,6.0,0.0,6.0,8.0,3.0,0.0,36.0
11560610,양평1동,7.0,2.0,0.0,3.0,5.0,1.0,0.0,23.0
11560605,문래동,17.0,5.0,0.0,9.0,8.0,2.0,0.0,57.0
11560585,도림동,6.0,2.0,0.0,0.0,2.0,0.0,0.0,28.0
11560560,당산2동,20.0,7.0,0.0,4.0,6.0,0.0,0.0,48.0
11560550,당산1동,9.0,1.0,0.0,5.0,6.0,12.0,0.0,25.0
11560540,여의동,45.0,6.0,0.0,70.0,23.0,1.0,0.0,66.0
11560535,영등포동,41.0,2.0,0.0,17.0,10.0,17.0,0.0,42.0
11560515,영등포본동,10.0,7.0,0.0,0.0,4.0,3.0,0.0,24.0
11545710,시흥5동,16.0,5.0,0.0,0.0,3.0,0.0,0.0,37.0
11545700,시흥4동,6.0,2.0,0.0,1.0,1.0,0.0,0.0,27.0
11545690,시흥3동,5.0,3.0,0.0,3.0,3.0,1.0,0.0,21.0
11545680,시흥2동,3.0,8.0,0.0,0.0,2.0,0.0,0.0,30.0
11545670,시흥1동,28.0,7.0,0.0,7.0,9.0,3.0,0.0,53.0
11545640,독산4동,5.0,1.0,0.0,2.0,5.0,0.0,0.0,16.0
11545630,독산3동,14.0,7.0,1.0,4.0,4.0,0.0,0.0,29.0
11545620,독산2동,8.0,3.0,0.0,1.0,2.0,0.0,0.0,11.0
11545610,독산1동,19.0,9.0,0.0,6.0,3.0,4.0,0.0,74.0
11545510,가산동,22.0,2.0,0.0,25.0,10.0,18.0,0.0,114.0
11530800,항동,2.0,12.0,0.0,0.0,1.0,0.0,0.0,37.0
11530790,수궁동,5.0,10.0,1.0,1.0,3.0,0.0,0.0,72.0
11530780,오류2동,10.0,12.0,0.0,1.0,3.0,0.0,0.0,87.0
11530770,오류1동,11.0,4.0,0.0,4.0,5.0,0.0,0.0,23.0
11530760,개봉3동,9.0,5.0,1.0,2.0,3.0,1.0,0.0,23.0
11530750,개봉2동,10.0,2.0,1.0,3.0,3.0,1.0,0.0,26.0
11530740,개봉1동,12.0,9.0,1.0,3.0,5.0,0.0,0.0,58.0
11530730,고척2동,12.0,4.0,0.0,2.0,5.0,0.0,0.0,40.0
11530720,고척1동,11.0,17.0,8.0,4.0,5.0,4.0,0.0,31.0
11530595,가리봉동,6.0,2.0,0.0,0.0,0.0,23.0,0.0,8.0
11530560,구로5동,20.0,7.0,1.0,4.0,5.0,3.0,0.0,50.0
11530550,구로4동,15.0,4.0,1.0,3.0,5.0,19.0,0.0,13.0
11530540,구로3동,15.0,4.0,0.0,18.0,7.0,5.0,0.0,49.0
11530530,구로2동,23.0,3.0,7.0,12.0,6.0,16.0,0.0,49.0
11530520,구로1동,5.0,6.0,4.0,1.0,4.0,0.0,0.0,25.0
11530510,신도림동,12.0,6.0,2.0,4.0,5.0,2.0,0.0,46.0
11500641,방화3동,5.0,9.0,0.0,1.0,5.0,0.0,0.0,23.0
11500640,방화2동,7.0,5.0,2.0,0.0,4.0,1.0,4.0,42.0
11500630,방화1동,23.0,11.0,0.0,3.0,2.0,1.0,0.0,47.0
11500620,공항동,12.0,9.0,0.0,7.0,6.0,0.0,21.0,41.0
11500615,우장산동,15.0,10.0,0.0,4.0,4.0,0.0,0.0,34.0
11500611,발산1동,36.0,17.0,1.0,9.0,3.0,0.0,0.0,63.0
11500605,가양3동,4.0,7.0,0.0,0.0,3.0,0.0,0.0,14.0
11500604,가양2동,7.0,6.0,0.0,3.0,4.0,0.0,0.0,15.0
11500603,가양1동,20.0,6.0,0.0,13.0,5.0,3.0,0.0,74.0
11500593,화곡8동,8.0,1.0,0.0,3.0,2.0,0.0,0.0,34.0
11500591,화곡6동,8.0,12.0,0.0,5.0,7.0,0.0,0.0,29.0
11500590,화곡본동,12.0,3.0,0.0,0.0,3.0,0.0,0.0,31.0
11500570,화곡4동,14.0,6.0,0.0,2.0,4.0,0.0,0.0,30.0
11500560,화곡3동,8.0,2.0,0.0,3.0,4.0,0.0,0.0,12.0
11500550,화곡2동,3.0,3.0,0.0,0.0,2.0,0.0,0.0,30.0
11500540,화곡1동,28.0,3.0,0.0,2.0,3.0,1.0,0.0,29.0
11500535,등촌3동,21.0,13.0,0.0,3.0,6.0,1.0,0.0,55.0
11500530,등촌2동,7.0,8.0,0.0,0.0,3.0,0.0,0.0,8.0
11500520,등촌1동,11.0,1.0,0.0,5.0,1.0,1.0,0.0,20.0
11500510,염창동,16.0,4.0,0.0,3.0,5.0,0.0,0.0,37.0
11470680,신정7동,8.0,8.0,0.0,2.0,3.0,0.0,0.0,31.0
11470670,신정6동,2.0,4.0,0.0,6.0,7.0,0.0,0.0,31.0
11470650,신정4동,18.0,7.0,0.0,8.0,3.0,0.0,0.0,19.0
11470640,신정3동,15.0,9.0,0.0,1.0,4.0,0.0,0.0,82.0
11470630,신정2동,7.0,4.0,0.0,1.0,3.0,0.0,0.0,20.0
11470620,신정1동,9.0,5.0,0.0,3.0,7.0,0.0,0.0,26.0
11470611,신월7동,10.0,3.0,0.0,1.0,6.0,0.0,0.0,21.0
11470610,신월6동,6.0,3.0,0.0,2.0,1.0,0.0,0.0,15.0
11470600,신월5동,4.0,5.0,0.0,0.0,3.0,0.0,0.0,12.0
11470590,신월4동,6.0,4.0,0.0,1.0,2.0,0.0,0.0,11.0
11470580,신월3동,7.0,7.0,0.0,1.0,2.0,0.0,0.0,8.0
11470570,신월2동,6.0,5.0,0.0,1.0,3.0,0.0,0.0,12.0
11470560,신월1동,12.0,1.0,0.0,3.0,3.0,0.0,0.0,9.0
11470550,목5동,13.0,11.0,0.0,9.0,8.0,0.0,0.0,52.0
11470540,목4동,9.0,4.0,0.0,3.0,3.0,0.0,0.0,14.0
11470530,목3동,11.0,2.0,0.0,4.0,3.0,0.0,0.0,7.0
11470520,목2동,14.0,4.0,0.0,2.0,3.0,1.0,0.0,19.0
11470510,목1동,22.0,6.0,0.0,12.0,5.0,2.0,0.0,31.0
11440740,상암동,14.0,8.0,1.0,11.0,10.0,0.0,0.0,108.0
11440730,성산2동,13.0,7.0,1.0,3.0,6.0,1.0,0.0,49.0
11440720,성산1동,5.0,7.0,0.0,2.0,4.0,1.0,0.0,29.0
11440710,연남동,2.0,4.0,0.0,1.0,2.0,0.0,0.0,23.0
11440700,망원2동,6.0,3.0,0.0,1.0,4.0,0.0,0.0,33.0
11440690,망원1동,11.0,0.0,0.0,2.0,2.0,1.0,0.0,23.0
11440680,합정동,10.0,3.0,0.0,3.0,4.0,0.0,0.0,32.0
11440660,서교동,31.0,4.0,0.0,22.0,13.0,8.0,0.0,95.0
11440655,서강동,7.0,22.0,0.0,4.0,6.0,0.0,0.0,66.0
11440630,신수동,6.0,4.0,0.0,1.0,4.0,0.0,0.0,24.0
11440610,염리동,3.0,7.0,0.0,1.0,3.0,2.0,0.0,10.0
11440600,대흥동,18.0,32.0,0.0,5.0,5.0,3.0,0.0,41.0
11440590,용강동,11.0,3.0,0.0,6.0,7.0,0.0,0.0,25.0
11440585,도화동,15.0,3.0,0.0,7.0,4.0,2.0,0.0,39.0
11440565,공덕동,21.0,4.0,2.0,9.0,7.0,0.0,0.0,43.0
11440555,아현동,16.0,4.0,0.0,8.0,5.0,1.0,0.0,25.0
11410720,북가좌2동,12.0,2.0,0.0,3.0,3.0,0.0,0.0,39.0
11410710,북가좌1동,5.0,5.0,0.0,2.0,1.0,0.0,0.0,13.0
11410700,남가좌2동,12.0,14.0,0.0,4.0,4.0,0.0,0.0,24.0
11410690,남가좌1동,10.0,1.0,1.0,3.0,2.0,1.0,0.0,21.0
11410685,홍은2동,9.0,18.0,0.0,2.0,4.0,0.0,0.0,83.0
11410660,홍은1동,7.0,2.0,0.0,0.0,3.0,1.0,0.0,32.0
11410655,홍제2동,6.0,3.0,0.0,0.0,1.0,1.0,0.0,15.0
11410640,홍제3동,16.0,7.0,4.0,3.0,3.0,6.0,0.0,47.0
11410620,홍제1동,10.0,5.0,0.0,2.0,3.0,1.0,0.0,41.0
11410615,연희동,17.0,18.0,0.0,7.0,7.0,2.0,0.0,70.0
11410585,신촌동,23.0,115.0,1.0,10.0,6.0,7.0,0.0,62.0
11410565,충현동,7.0,31.0,0.0,8.0,9.0,0.0,0.0,61.0
11410555,북아현동,8.0,3.0,0.0,2.0,2.0,0.0,0.0,17.0
11410520,천연동,4.0,14.0,0.0,1.0,4.0,1.0,0.0,44.0
11380690,진관동,22.0,18.0,0.0,6.0,6.0,1.0,0.0,82.0
11380650,수색동,5.0,2.0,2.0,2.0,5.0,0.0,0.0,23.0
11380640,증산동,8.0,4.0,2.0,0.0,3.0,0.0,0.0,17.0
11380632,신사2동,5.0,5.0,0.0,0.0,4.0,0.0,0.0,36.0
11380631,신사1동,8.0,9.0,0.0,0.0,3.0,0.0,0.0,23.0
11380625,역촌동,20.0,3.0,0.0,5.0,5.0,0.0,0.0,51.0
11380600,응암3동,17.0,5.0,2.0,3.0,3.0,0.0,0.0,31.0
11380590,응암2동,11.0,3.0,0.0,1.0,3.0,0.0,0.0,37.0
11380580,응암1동,21.0,4.0,0.0,5.0,5.0,0.0,0.0,27.0
11380570,대조동,25.0,4.0,0.0,5.0,3.0,1.0,0.0,32.0
11380560,구산동,9.0,11.0,0.0,0.0,3.0,0.0,0.0,38.0
11380552,갈현2동,16.0,13.0,0.0,1.0,3.0,0.0,0.0,35.0
11380551,갈현1동,14.0,1.0,0.0,2.0,2.0,0.0,0.0,50.0
11380530,불광2동,5.0,7.0,3.0,1.0,6.0,0.0,0.0,32.0
11380520,불광1동,18.0,6.0,0.0,4.0,6.0,1.0,0.0,52.0
11380510,녹번동,14.0,4.0,1.0,3.0,8.0,1.0,0.0,37.0
11350720,상계10동,1.0,5.0,0.0,0.0,3.0,0.0,0.0,30.0
11350710,상계9동,6.0,8.0,0.0,4.0,3.0,0.0,0.0,18.0
11350700,상계8동,7.0,1.0,0.0,3.0,3.0,0.0,0.0,16.0
11350695,상계6?7동,31.0,10.0,0.0,11.0,9.0,1.0,0.0,40.0
11350670,상계5동,11.0,1.0,0.0,1.0,2.0,3.0,0.0,37.0
11350665,상계3?4동,9.0,6.0,0.0,1.0,4.0,2.0,0.0,12.0
11350640,상계2동,21.0,3.0,0.0,1.0,2.0,1.0,0.0,35.0
11350630,상계1동,14.0,9.0,0.0,2.0,5.0,1.0,0.0,39.0
11350625,중계2?3동,10.0,12.0,0.0,2.0,7.0,2.0,0.0,40.0
11350624,중계4동,14.0,7.0,0.0,3.0,2.0,0.0,0.0,6.0
11350621,중계1동,7.0,5.0,0.0,3.0,2.0,0.0,0.0,18.0
11350619,중계본동,7.0,8.0,0.0,2.0,5.0,0.0,0.0,21.0
11350612,하계2동,4.0,5.0,0.0,1.0,2.0,0.0,0.0,29.0
11350611,하계1동,10.0,24.0,0.0,3.0,4.0,0.0,0.0,41.0
11350600,공릉2동,15.0,77.0,1.0,6.0,7.0,0.0,0.0,64.0
11350595,공릉1동,25.0,7.0,1.0,6.0,4.0,0.0,0.0,57.0
11350580,월계3동,8.0,8.0,0.0,3.0,5.0,0.0,0.0,49.0
11350570,월계2동,5.0,23.0,0.0,0.0,4.0,0.0,0.0,65.0
11350560,월계1동,10.0,22.0,0.0,2.0,4.0,0.0,0.0,59.0
11320710,방학3동,6.0,7.0,0.0,3.0,3.0,0.0,0.0,47.0
11320700,방학2동,7.0,2.0,0.0,0.0,3.0,0.0,0.0,23.0
11320690,방학1동,17.0,5.0,0.0,6.0,6.0,0.0,0.0,40.0
11320681,쌍문4동,4.0,12.0,0.0,0.0,1.0,0.0,0.0,23.0
11320680,쌍문3동,13.0,1.0,0.0,3.0,3.0,1.0,0.0,18.0
11320670,쌍문2동,11.0,3.0,0.0,1.0,3.0,2.0,0.0,19.0
11320660,쌍문1동,5.0,22.0,0.0,1.0,6.0,0.0,0.0,54.0
11320522,도봉2동,7.0,5.0,0.0,3.0,8.0,1.0,0.0,52.0
11320521,도봉1동,9.0,8.0,1.0,1.0,4.0,0.0,0.0,38.0
11320515,창5동,15.0,4.0,0.0,3.0,7.0,2.0,0.0,26.0
11320514,창4동,8.0,6.0,0.0,4.0,7.0,0.0,0.0,51.0
11320513,창3동,7.0,3.0,1.0,0.0,1.0,0.0,0.0,25.0
11320512,창2동,9.0,2.0,0.0,0.0,3.0,0.0,0.0,44.0
11320511,창1동,7.0,5.0,0.0,2.0,3.0,0.0,0.0,29.0
11305660,인수동,17.0,11.0,1.0,2.0,13.0,0.0,0.0,57.0
11305645,우이동,7.0,4.0,0.0,0.0,2.0,0.0,0.0,57.0
11305635,수유3동,17.0,1.0,0.0,6.0,4.0,1.0,0.0,31.0
11305625,수유2동,12.0,3.0,0.0,0.0,3.0,0.0,0.0,16.0
11305615,수유1동,12.0,6.0,1.0,2.0,4.0,0.0,0.0,41.0
11305608,번3동,8.0,2.0,0.0,1.0,3.0,0.0,0.0,37.0
11305603,번2동,7.0,2.0,0.0,0.0,5.0,1.0,0.0,54.0
11305595,번1동,15.0,3.0,0.0,3.0,3.0,1.0,0.0,30.0
11305575,삼각산동,9.0,4.0,0.0,1.0,2.0,0.0,0.0,36.0
11305555,송천동,18.0,5.0,2.0,5.0,9.0,0.0,0.0,25.0
11305545,송중동,20.0,9.0,1.0,1.0,4.0,1.0,0.0,69.0
11305535,미아동,15.0,5.0,0.0,3.0,3.0,0.0,0.0,29.0
11305534,삼양동,14.0,6.0,0.0,1.0,4.0,0.0,0.0,37.0
11290810,석관동,16.0,6.0,1.0,3.0,6.0,2.0,0.0,34.0
11290780,장위3동,5.0,5.0,1.0,0.0,1.0,0.0,0.0,39.0
11290770,장위2동,11.0,4.0,0.0,2.0,3.0,0.0,0.0,28.0
11290760,장위1동,8.0,8.0,0.0,1.0,4.0,0.0,0.0,37.0
11290725,월곡2동,12.0,15.0,0.0,4.0,6.0,0.0,0.0,36.0
11290715,월곡1동,10.0,4.0,0.0,3.0,2.0,1.0,0.0,30.0
11290705,종암동,18.0,10.0,0.0,2.0,7.0,0.0,0.0,56.0
11290685,길음2동,17.0,0.0,0.0,0.0,5.0,0.0,0.0,23.0
11290660,길음1동,10.0,7.0,1.0,4.0,3.0,0.0,0.0,27.0
11290650,정릉4동,12.0,16.0,0.0,3.0,7.0,0.0,0.0,41.0
11290640,정릉3동,2.0,33.0,0.0,1.0,4.0,0.0,0.0,38.0
11290630,정릉2동,6.0,3.0,0.0,3.0,4.0,0.0,0.0,51.0
11290620,정릉1동,6.0,3.0,0.0,0.0,2.0,0.0,0.0,19.0
11290610,보문동,6.0,2.0,0.0,4.0,4.0,1.0,0.0,12.0
11290600,안암동,12.0,74.0,0.0,6.0,4.0,0.0,0.0,36.0
11290590,돈암2동,4.0,7.0,0.0,2.0,4.0,1.0,0.0,38.0
11290580,돈암1동,2.0,7.0,0.0,0.0,1.0,0.0,0.0,15.0
11290575,동선동,14.0,18.0,0.0,4.0,1.0,1.0,0.0,20.0
11290555,삼선동,14.0,18.0,0.0,5.0,7.0,0.0,0.0,48.0
11290525,성북동,6.0,13.0,0.0,4.0,6.0,0.0,0.0,55.0
11260690,신내2동,12.0,7.0,0.0,3.0,6.0,0.0,0.0,21.0
11260680,신내1동,14.0,4.0,0.0,2.0,3.0,0.0,0.0,54.0
11260660,망우3동,4.0,3.0,3.0,1.0,1.0,0.0,0.0,11.0
11260655,망우본동,30.0,10.0,9.0,4.0,9.0,2.0,0.0,56.0
11260630,묵2동,7.0,2.0,0.0,4.0,3.0,1.0,0.0,20.0
11260620,묵1동,13.0,7.0,0.0,2.0,4.0,0.0,0.0,34.0
11260610,중화2동,14.0,0.0,2.0,3.0,2.0,0.0,0.0,35.0
11260600,중화1동,8.0,6.0,0.0,1.0,2.0,0.0,0.0,14.0
11260590,상봉2동,11.0,0.0,0.0,3.0,4.0,4.0,0.0,20.0
11260580,상봉1동,9.0,6.0,0.0,1.0,3.0,0.0,0.0,16.0
11260575,면목3?8동,18.0,14.0,0.0,1.0,4.0,1.0,0.0,35.0
11260570,면목7동,12.0,1.0,1.0,2.0,2.0,0.0,0.0,18.0
11260565,면목본동,18.0,3.0,13.0,2.0,4.0,1.0,0.0,31.0
11260550,면목5동,3.0,0.0,4.0,1.0,2.0,0.0,0.0,13.0
11260540,면목4동,5.0,3.0,0.0,0.0,2.0,0.0,0.0,16.0
11260520,면목2동,12.0,4.0,8.0,0.0,3.0,1.0,0.0,25.0
11230750,이문2동,6.0,4.0,0.0,0.0,2.0,0.0,0.0,18.0
11230740,이문1동,13.0,35.0,0.0,2.0,5.0,0.0,0.0,27.0
11230730,휘경2동,6.0,13.0,0.0,1.0,5.0,0.0,0.0,27.0
11230720,휘경1동,12.0,0.0,0.0,1.0,2.0,1.0,0.0,21.0
11230710,회기동,11.0,20.0,0.0,5.0,3.0,0.0,0.0,10.0
11230705,청량리동,17.0,6.0,0.0,4.0,9.0,2.0,0.0,34.0
11230660,장안2동,23.0,5.0,0.0,2.0,3.0,2.0,0.0,38.0
11230650,장안1동,30.0,6.0,0.0,11.0,5.0,0.0,0.0,44.0
11230610,답십리2동,15.0,4.0,3.0,2.0,3.0,0.0,0.0,19.0
11230600,답십리1동,9.0,3.0,0.0,5.0,4.0,0.0,0.0,25.0
11230570,전농2동,12.0,36.0,0.0,2.0,2.0,0.0,0.0,15.0
11230560,전농1동,14.0,6.0,0.0,2.0,5.0,6.0,0.0,38.0
11230545,제기동,23.0,8.0,3.0,5.0,4.0,14.0,0.0,31.0
11230536,용신동,25.0,4.0,1.0,8.0,10.0,5.0,0.0,46.0
11215870,구의3동,16.0,3.0,1.0,4.0,5.0,1.0,0.0,27.0
11215860,구의2동,10.0,6.0,0.0,2.0,3.0,0.0,0.0,25.0
11215850,구의1동,9.0,3.0,0.0,4.0,2.0,0.0,0.0,17.0
11215847,자양4동,16.0,2.0,1.0,2.0,5.0,1.0,0.0,17.0
11215840,자양3동,8.0,7.0,1.0,6.0,2.0,1.0,0.0,30.0
11215830,자양2동,8.0,9.0,1.0,1.0,2.0,0.0,0.0,21.0
11215820,자양1동,15.0,4.0,0.0,4.0,3.0,0.0,0.0,17.0
11215810,광장동,9.0,21.0,0.0,9.0,5.0,0.0,0.0,33.0
11215780,능동,6.0,2.0,0.0,0.0,4.0,0.0,0.0,6.0
11215770,중곡4동,7.0,4.0,0.0,2.0,2.0,0.0,0.0,37.0
11215760,중곡3동,10.0,2.0,1.0,1.0,3.0,0.0,0.0,30.0
11215750,중곡2동,14.0,2.0,0.0,4.0,2.0,0.0,0.0,23.0
11215740,중곡1동,10.0,1.0,1.0,0.0,2.0,0.0,0.0,19.0
11215730,군자동,13.0,23.0,0.0,5.0,5.0,1.0,0.0,23.0
11215710,화양동,18.0,39.0,0.0,5.0,3.0,1.0,0.0,18.0
11200790,용답동,8.0,1.0,1.0,2.0,7.0,0.0,0.0,13.0
11200720,송정동,6.0,1.0,0.0,0.0,2.0,0.0,0.0,17.0
11200690,성수2가3동,11.0,2.0,0.0,16.0,3.0,1.0,0.0,21.0
11200670,성수2가1동,13.0,4.0,2.0,3.0,3.0,1.0,0.0,38.0
11200660,성수1가2동,6.0,3.0,0.0,6.0,3.0,0.0,0.0,13.0
11200650,성수1가1동,4.0,5.0,0.0,2.0,4.0,1.0,0.0,34.0
11200645,옥수동,10.0,6.0,0.0,2.0,4.0,0.0,0.0,47.0
11200620,금호4가동,6.0,3.0,0.0,3.0,3.0,0.0,0.0,28.0
11200615,금호2?3가동,13.0,1.0,0.0,2.0,3.0,0.0,0.0,46.0
11200590,금호1가동,6.0,3.0,0.0,0.0,2.0,0.0,0.0,46.0
11200580,응봉동,2.0,2.0,0.0,0.0,3.0,0.0,0.0,31.0
11200570,행당2동,4.0,4.0,0.0,2.0,2.0,0.0,0.0,25.0
11200560,행당1동,15.0,2.0,1.0,4.0,9.0,1.0,0.0,34.0
11200550,사근동,11.0,57.0,1.0,3.0,5.0,0.0,0.0,36.0
11200540,마장동,8.0,6.0,0.0,5.0,6.0,0.0,0.0,30.0
11200535,왕십리도선동,22.0,6.0,0.0,4.0,4.0,0.0,0.0,26.0
11200520,왕십리2동,5.0,2.0,0.0,0.0,2.0,0.0,0.0,19.0
11170700,보광동,8.0,9.0,0.0,1.0,4.0,0.0,0.0,14.0
11170690,서빙고동,1.0,2.0,0.0,1.0,15.0,0.0,0.0,22.0
11170685,한남동,14.0,4.0,3.0,11.0,30.0,0.0,0.0,38.0
11170660,이태원2동,3.0,3.0,0.0,5.0,8.0,0.0,0.0,22.0
11170650,이태원1동,3.0,1.0,3.0,5.0,8.0,0.0,0.0,15.0
11170640,이촌2동,1.0,0.0,0.0,0.0,2.0,0.0,0.0,11.0
11170630,이촌1동,13.0,5.0,1.0,9.0,4.0,0.0,0.0,14.0
11170625,한강로동,21.0,3.0,5.0,19.0,19.0,5.0,0.0,48.0
11170590,용문동,3.0,0.0,0.0,0.0,1.0,0.0,0.0,22.0
11170580,효창동,5.0,3.0,0.0,1.0,1.0,0.0,0.0,24.0
11170570,원효로2동,4.0,5.0,2.0,2.0,4.0,0.0,0.0,27.0
11170560,원효로1동,6.0,5.0,4.0,3.0,6.0,0.0,0.0,31.0
11170555,청파동,12.0,30.0,1.0,2.0,7.0,1.0,0.0,35.0
11170530,남영동,14.0,1.0,0.0,5.0,7.0,12.0,0.0,29.0
11170520,용산2가동,4.0,5.0,0.0,0.0,3.0,0.0,0.0,30.0
11170510,후암동,7.0,4.0,2.0,1.0,6.0,0.0,0.0,18.0
11140680,중림동,7.0,4.0,0.0,2.0,3.0,5.0,0.0,14.0
11140670,황학동,10.0,0.0,0.0,6.0,1.0,7.0,0.0,6.0
11140665,동화동,5.0,2.0,0.0,1.0,3.0,0.0,0.0,6.0
11140650,신당5동,5.0,3.0,0.0,2.0,4.0,0.0,0.0,12.0
11140645,청구동,3.0,5.0,0.0,0.0,2.0,0.0,0.0,5.0
11140635,약수동,13.0,2.0,0.0,2.0,4.0,0.0,0.0,14.0
11140625,다산동,10.0,3.0,0.0,4.0,3.0,1.0,0.0,8.0
11140615,신당동,13.0,5.0,3.0,5.0,7.0,1.0,0.0,10.0
11140605,을지로동,13.0,0.0,1.0,10.0,5.0,5.0,0.0,24.0
11140590,광희동,15.0,1.0,1.0,16.0,3.0,14.0,0.0,22.0
11140580,장충동,1.0,4.0,0.0,2.0,6.0,3.0,0.0,14.0
11140570,필동,8.0,22.0,0.0,9.0,6.0,3.0,0.0,17.0
11140550,명동,35.0,5.0,0.0,46.0,20.0,15.0,0.0,30.0
11140540,회현동,16.0,3.0,2.0,17.0,9.0,3.0,0.0,41.0
11140520,소공동,10.0,8.0,1.0,29.0,13.0,6.0,0.0,40.0
11110710,숭인2동,5.0,0.0,2.0,3.0,4.0,3.0,0.0,8.0
11110700,숭인1동,3.0,1.0,0.0,1.0,3.0,0.0,0.0,14.0
11110690,창신3동,1.0,2.0,0.0,0.0,3.0,0.0,0.0,6.0
11110680,창신2동,5.0,0.0,0.0,1.0,2.0,0.0,0.0,0.0
11110670,창신1동,9.0,2.0,1.0,4.0,3.0,7.0,0.0,13.0
11110650,혜화동,16.0,35.0,0.0,5.0,6.0,1.0,0.0,36.0
11110640,이화동,12.0,39.0,0.0,4.0,4.0,0.0,0.0,29.0
11110630,종로5?6가동,31.0,2.0,4.0,8.0,7.0,3.0,0.0,24.0
11110615,종로1?2?3?4가동,47.0,7.0,1.0,35.0,19.0,22.0,0.0,77.0
11110600,가회동,1.0,6.0,0.0,3.0,5.0,0.0,0.0,22.0
11110580,교남동,19.0,2.0,0.0,3.0,4.0,0.0,0.0,26.0
11110570,무악동,5.0,2.0,0.0,1.0,2.0,0.0,0.0,8.0
11110560,평창동,6.0,4.0,0.0,2.0,6.0,0.0,0.0,91.0
11110550,부암동,1.0,19.0,0.0,2.0,4.0,0.0,0.0,38.0
11110540,삼청동,2.0,4.0,0.0,4.0,10.0,0.0,0.0,16.0
11110530,사직동,15.0,3.0,0.0,24.0,18.0,3.0,0.0,36.0
11110515,청운효자동,4.0,14.0,0.0,3.0,6.0,0.0,0.0,26.0
